{"afm_model": {"best_accuracy": 0.9928571581840515, "best_val_accuracy": 0.9714285731315613, "best_model_path": "./models/afm.h5"}, "sem_model": {"best_accuracy": 1.0, "best_val_accuracy": 0.9862068891525269, "best_model_path": "./models/sem.h5"}, "saxs_model": {"best_accuracy": 0.9434388875961304, "best_val_accuracy": 0.9272727370262146, "best_model_path": "./models/saxs.h5"}, "waxd_model": {"best_accuracy": 0.9913571581840515, "best_val_accuracy": 0.9615285776315613, "best_model_path": "./models/waxd.h5"}}